,0
0,https://www.rotter.se/gsi/begravningsplatser/14
1,https://www.rotter.se/gsi/begravningsplatser/21
2,https://www.rotter.se/gsi/begravningsplatser/28
3,https://www.rotter.se/gsi/begravningsplatser/37
4,https://www.rotter.se/gsi/begravningsplatser/45
5,https://www.rotter.se/gsi/begravningsplatser/48
6,https://www.rotter.se/gsi/begravningsplatser/49
7,https://www.rotter.se/gsi/begravningsplatser/51
8,https://www.rotter.se/gsi/begravningsplatser/58
9,https://www.rotter.se/gsi/begravningsplatser/100
10,https://www.rotter.se/gsi/begravningsplatser/101
11,https://www.rotter.se/gsi/begravningsplatser/105
12,https://www.rotter.se/gsi/begravningsplatser/106
13,https://www.rotter.se/gsi/begravningsplatser/113
14,https://www.rotter.se/gsi/begravningsplatser/114
15,https://www.rotter.se/gsi/begravningsplatser/144
16,https://www.rotter.se/gsi/begravningsplatser/156
17,https://www.rotter.se/gsi/begravningsplatser/165
18,https://www.rotter.se/gsi/begravningsplatser/281
19,https://www.rotter.se/gsi/begravningsplatser/304
20,https://www.rotter.se/gsi/begravningsplatser/310
21,https://www.rotter.se/gsi/begravningsplatser/312
22,https://www.rotter.se/gsi/begravningsplatser/345
23,https://www.rotter.se/gsi/begravningsplatser/378
24,https://www.rotter.se/gsi/begravningsplatser/385
25,https://www.rotter.se/gsi/begravningsplatser/400
26,https://www.rotter.se/gsi/begravningsplatser/402
27,https://www.rotter.se/gsi/begravningsplatser/502
28,https://www.rotter.se/gsi/begravningsplatser/513
29,https://www.rotter.se/gsi/begravningsplatser/537
30,https://www.rotter.se/gsi/begravningsplatser/552
31,https://www.rotter.se/gsi/begravningsplatser/600
32,https://www.rotter.se/gsi/begravningsplatser/602
33,https://www.rotter.se/gsi/begravningsplatser/617
34,https://www.rotter.se/gsi/begravningsplatser/622
35,https://www.rotter.se/gsi/begravningsplatser/627
36,https://www.rotter.se/gsi/begravningsplatser/645
37,https://www.rotter.se/gsi/begravningsplatser/650
38,https://www.rotter.se/gsi/begravningsplatser/695
39,https://www.rotter.se/gsi/begravningsplatser/718
40,https://www.rotter.se/gsi/begravningsplatser/735
41,https://www.rotter.se/gsi/begravningsplatser/812
42,https://www.rotter.se/gsi/begravningsplatser/819
43,https://www.rotter.se/gsi/begravningsplatser/849
44,https://www.rotter.se/gsi/begravningsplatser/864
45,https://www.rotter.se/gsi/begravningsplatser/943
46,https://www.rotter.se/gsi/begravningsplatser/946
47,https://www.rotter.se/gsi/begravningsplatser/963
48,https://www.rotter.se/gsi/begravningsplatser/972
49,https://www.rotter.se/gsi/begravningsplatser/979
50,https://www.rotter.se/gsi/begravningsplatser/987
51,https://www.rotter.se/gsi/begravningsplatser/989
52,https://www.rotter.se/gsi/begravningsplatser/992
53,https://www.rotter.se/gsi/begravningsplatser/1002
54,https://www.rotter.se/gsi/begravningsplatser/1006
55,https://www.rotter.se/gsi/begravningsplatser/1018
56,https://www.rotter.se/gsi/begravningsplatser/1044
57,https://www.rotter.se/gsi/begravningsplatser/1050
58,https://www.rotter.se/gsi/begravningsplatser/1051
59,https://www.rotter.se/gsi/begravningsplatser/1110
60,https://www.rotter.se/gsi/begravningsplatser/1113
61,https://www.rotter.se/gsi/begravningsplatser/1119
62,https://www.rotter.se/gsi/begravningsplatser/1128
63,https://www.rotter.se/gsi/begravningsplatser/1134
64,https://www.rotter.se/gsi/begravningsplatser/1137
65,https://www.rotter.se/gsi/begravningsplatser/1145
66,https://www.rotter.se/gsi/begravningsplatser/1148
67,https://www.rotter.se/gsi/begravningsplatser/1149
68,https://www.rotter.se/gsi/begravningsplatser/1155
69,https://www.rotter.se/gsi/begravningsplatser/1157
70,https://www.rotter.se/gsi/begravningsplatser/1162
71,https://www.rotter.se/gsi/begravningsplatser/1166
72,https://www.rotter.se/gsi/begravningsplatser/1222
73,https://www.rotter.se/gsi/begravningsplatser/1239
74,https://www.rotter.se/gsi/begravningsplatser/1288
75,https://www.rotter.se/gsi/begravningsplatser/1305
76,https://www.rotter.se/gsi/begravningsplatser/1326
77,https://www.rotter.se/gsi/begravningsplatser/1328
78,https://www.rotter.se/gsi/begravningsplatser/1331
79,https://www.rotter.se/gsi/begravningsplatser/1353
80,https://www.rotter.se/gsi/begravningsplatser/1359
81,https://www.rotter.se/gsi/begravningsplatser/1440
82,https://www.rotter.se/gsi/begravningsplatser/1448
83,https://www.rotter.se/gsi/begravningsplatser/1451
84,https://www.rotter.se/gsi/begravningsplatser/1459
85,https://www.rotter.se/gsi/begravningsplatser/1522
86,https://www.rotter.se/gsi/begravningsplatser/1598
87,https://www.rotter.se/gsi/begravningsplatser/1614
88,https://www.rotter.se/gsi/begravningsplatser/1638
89,https://www.rotter.se/gsi/begravningsplatser/1662
90,https://www.rotter.se/gsi/begravningsplatser/1666
91,https://www.rotter.se/gsi/begravningsplatser/1681
92,https://www.rotter.se/gsi/begravningsplatser/1689
93,https://www.rotter.se/gsi/begravningsplatser/1704
94,https://www.rotter.se/gsi/begravningsplatser/1716
95,https://www.rotter.se/gsi/begravningsplatser/1719
96,https://www.rotter.se/gsi/begravningsplatser/1721
97,https://www.rotter.se/gsi/begravningsplatser/1728
98,https://www.rotter.se/gsi/begravningsplatser/1747
99,https://www.rotter.se/gsi/begravningsplatser/1752
100,https://www.rotter.se/gsi/begravningsplatser/1756
101,https://www.rotter.se/gsi/begravningsplatser/1757
102,https://www.rotter.se/gsi/begravningsplatser/1763
103,https://www.rotter.se/gsi/begravningsplatser/1783
104,https://www.rotter.se/gsi/begravningsplatser/1795
105,https://www.rotter.se/gsi/begravningsplatser/1842
106,https://www.rotter.se/gsi/begravningsplatser/1893
107,https://www.rotter.se/gsi/begravningsplatser/1897
108,https://www.rotter.se/gsi/begravningsplatser/1991
109,https://www.rotter.se/gsi/begravningsplatser/2009
110,https://www.rotter.se/gsi/begravningsplatser/2014
111,https://www.rotter.se/gsi/begravningsplatser/2015
112,https://www.rotter.se/gsi/begravningsplatser/2036
113,https://www.rotter.se/gsi/begravningsplatser/2121
114,https://www.rotter.se/gsi/begravningsplatser/2141
115,https://www.rotter.se/gsi/begravningsplatser/2152
116,https://www.rotter.se/gsi/begravningsplatser/2165
117,https://www.rotter.se/gsi/begravningsplatser/2178
118,https://www.rotter.se/gsi/begravningsplatser/2191
119,https://www.rotter.se/gsi/begravningsplatser/2264
120,https://www.rotter.se/gsi/begravningsplatser/2388
121,https://www.rotter.se/gsi/begravningsplatser/2655
122,https://www.rotter.se/gsi/begravningsplatser/2661
123,https://www.rotter.se/gsi/begravningsplatser/2689
124,https://www.rotter.se/gsi/begravningsplatser/2711
125,https://www.rotter.se/gsi/begravningsplatser/2712
126,https://www.rotter.se/gsi/begravningsplatser/2736
127,https://www.rotter.se/gsi/begravningsplatser/2764
128,https://www.rotter.se/gsi/begravningsplatser/2767
129,https://www.rotter.se/gsi/begravningsplatser/2770
130,https://www.rotter.se/gsi/begravningsplatser/2772
131,https://www.rotter.se/gsi/begravningsplatser/2773
132,https://www.rotter.se/gsi/begravningsplatser/2812
133,https://www.rotter.se/gsi/begravningsplatser/2841
134,https://www.rotter.se/gsi/begravningsplatser/2845
135,https://www.rotter.se/gsi/begravningsplatser/2846
136,https://www.rotter.se/gsi/begravningsplatser/2871
137,https://www.rotter.se/gsi/begravningsplatser/2905
138,https://www.rotter.se/gsi/begravningsplatser/2952
139,https://www.rotter.se/gsi/begravningsplatser/3040
140,https://www.rotter.se/gsi/begravningsplatser/3084
141,https://www.rotter.se/gsi/begravningsplatser/3091
142,https://www.rotter.se/gsi/begravningsplatser/3103
143,https://www.rotter.se/gsi/begravningsplatser/3150
144,https://www.rotter.se/gsi/begravningsplatser/3153
145,https://www.rotter.se/gsi/begravningsplatser/3155
146,https://www.rotter.se/gsi/begravningsplatser/3188
147,https://www.rotter.se/gsi/begravningsplatser/3190
148,https://www.rotter.se/gsi/begravningsplatser/3194
149,https://www.rotter.se/gsi/begravningsplatser/3243
150,https://www.rotter.se/gsi/begravningsplatser/3356
151,https://www.rotter.se/gsi/begravningsplatser/3400
152,https://www.rotter.se/gsi/begravningsplatser/3402
153,https://www.rotter.se/gsi/begravningsplatser/3405
154,https://www.rotter.se/gsi/begravningsplatser/3418
155,https://www.rotter.se/gsi/begravningsplatser/3431
156,https://www.rotter.se/gsi/begravningsplatser/3446
157,https://www.rotter.se/gsi/begravningsplatser/3450
158,https://www.rotter.se/gsi/begravningsplatser/3451
159,https://www.rotter.se/gsi/begravningsplatser/3457
160,https://www.rotter.se/gsi/begravningsplatser/3459
161,https://www.rotter.se/gsi/begravningsplatser/3479
162,https://www.rotter.se/gsi/begravningsplatser/3485
163,https://www.rotter.se/gsi/begravningsplatser/3486
164,https://www.rotter.se/gsi/begravningsplatser/3487
165,https://www.rotter.se/gsi/begravningsplatser/3488
166,https://www.rotter.se/gsi/begravningsplatser/3491
167,https://www.rotter.se/gsi/begravningsplatser/3496
168,https://www.rotter.se/gsi/begravningsplatser/3499
169,https://www.rotter.se/gsi/begravningsplatser/3500
170,https://www.rotter.se/gsi/begravningsplatser/3505
171,https://www.rotter.se/gsi/begravningsplatser/3507
172,https://www.rotter.se/gsi/begravningsplatser/3509
173,https://www.rotter.se/gsi/begravningsplatser/3513
174,https://www.rotter.se/gsi/begravningsplatser/3524
175,https://www.rotter.se/gsi/begravningsplatser/3525
176,https://www.rotter.se/gsi/begravningsplatser/3529
177,https://www.rotter.se/gsi/begravningsplatser/3574
178,https://www.rotter.se/gsi/begravningsplatser/3579
179,https://www.rotter.se/gsi/begravningsplatser/3590
180,https://www.rotter.se/gsi/begravningsplatser/3592
181,https://www.rotter.se/gsi/begravningsplatser/3593
182,https://www.rotter.se/gsi/begravningsplatser/3607
183,https://www.rotter.se/gsi/begravningsplatser/3608
184,https://www.rotter.se/gsi/begravningsplatser/3617
185,https://www.rotter.se/gsi/begravningsplatser/3641
186,https://www.rotter.se/gsi/begravningsplatser/3644
187,https://www.rotter.se/gsi/begravningsplatser/3646
188,https://www.rotter.se/gsi/begravningsplatser/3647
189,https://www.rotter.se/gsi/begravningsplatser/3648
190,https://www.rotter.se/gsi/begravningsplatser/3649
191,https://www.rotter.se/gsi/begravningsplatser/3656
192,https://www.rotter.se/gsi/begravningsplatser/3657
193,https://www.rotter.se/gsi/begravningsplatser/3658
194,https://www.rotter.se/gsi/begravningsplatser/3659
195,https://www.rotter.se/gsi/begravningsplatser/3660
196,https://www.rotter.se/gsi/begravningsplatser/3661
197,https://www.rotter.se/gsi/begravningsplatser/3662
198,https://www.rotter.se/gsi/begravningsplatser/3663
199,https://www.rotter.se/gsi/begravningsplatser/3664
200,https://www.rotter.se/gsi/begravningsplatser/3665
201,https://www.rotter.se/gsi/begravningsplatser/3666
202,https://www.rotter.se/gsi/begravningsplatser/3667
203,https://www.rotter.se/gsi/begravningsplatser/3668
204,https://www.rotter.se/gsi/begravningsplatser/3669
205,https://www.rotter.se/gsi/begravningsplatser/3670
206,https://www.rotter.se/gsi/begravningsplatser/3671
207,https://www.rotter.se/gsi/begravningsplatser/3672
208,https://www.rotter.se/gsi/begravningsplatser/3673
209,https://www.rotter.se/gsi/begravningsplatser/3674
210,https://www.rotter.se/gsi/begravningsplatser/3675
211,https://www.rotter.se/gsi/begravningsplatser/3676
212,https://www.rotter.se/gsi/begravningsplatser/3677
213,https://www.rotter.se/gsi/begravningsplatser/3678
214,https://www.rotter.se/gsi/begravningsplatser/3679
215,https://www.rotter.se/gsi/begravningsplatser/3680
216,https://www.rotter.se/gsi/begravningsplatser/3681
217,https://www.rotter.se/gsi/begravningsplatser/3682
218,https://www.rotter.se/gsi/begravningsplatser/3683
219,https://www.rotter.se/gsi/begravningsplatser/3684
220,https://www.rotter.se/gsi/begravningsplatser/3685
221,https://www.rotter.se/gsi/begravningsplatser/3686
222,https://www.rotter.se/gsi/begravningsplatser/3687
223,https://www.rotter.se/gsi/begravningsplatser/3688
224,https://www.rotter.se/gsi/begravningsplatser/3689
225,https://www.rotter.se/gsi/begravningsplatser/3690
226,https://www.rotter.se/gsi/begravningsplatser/3691
227,https://www.rotter.se/gsi/begravningsplatser/3692
228,https://www.rotter.se/gsi/begravningsplatser/3693
229,https://www.rotter.se/gsi/begravningsplatser/3694
230,https://www.rotter.se/gsi/begravningsplatser/3695
231,https://www.rotter.se/gsi/begravningsplatser/3696
232,https://www.rotter.se/gsi/begravningsplatser/3697
233,https://www.rotter.se/gsi/begravningsplatser/3698
234,https://www.rotter.se/gsi/begravningsplatser/3699
